{"cameraMode":{"drawMode":0,"name":"Shaded","section":"Shading Mode"},"sceneLighting":true,"audioPlay":false,"sceneViewState":{"m_AlwaysRefresh":false,"showFog":true,"showSkybox":true,"showFlares":true,"showImageEffects":true,"showParticleSystems":true,"showVisualEffectGraphs":true,"m_FxEnabled":true},"in2DMode":false,"pivot":{"x":220.96145629882813,"y":391.582763671875,"z":-357.85955810546877},"rotation":{"x":-0.22632963955402375,"y":-0.0038014708552509548,"z":0.0008834162726998329,"w":-0.9740428924560547},"size":113.72109985351563,"orthographic":false}